label,elapsed_s,root_cpu_s,child_cpu_s,app_phys_kb,child_phys_kb,peak_app_phys_kb,peak_child_phys_kb,n_children
monster-view,0.0,28.54,0.10,51200,38912,51200,38912,1
monster-view,60.1,33.03,0.00,51200,0,51200,38912,0
monster-view,120.2,37.13,0.00,51200,0,51200,38912,0
monster-view,180.3,41.23,0.00,51200,0,51200,38912,0
monster-view,240.4,45.35,0.00,51200,0,51200,38912,0
monster-view,300.4,50.11,0.09,51200,38912,51200,38912,1
monster-view,360.5,54.71,0.00,51200,0,51200,38912,0
monster-view,420.6,57.87,0.00,51200,0,51200,38912,0
monster-view,480.7,60.99,0.00,51200,0,51200,38912,0
monster-view,540.8,63.77,0.00,51200,0,51200,38912,0
monster-view,600.9,66.73,0.11,51200,39936,51200,39936,1
monster-view,661.0,70.10,0.00,51200,0,51200,39936,0
monster-view,721.1,73.38,0.00,51200,0,51200,39936,0
monster-view,781.1,76.77,0.00,51200,0,51200,39936,0
monster-view,841.2,80.17,0.00,51200,0,51200,39936,0
